ID_REF,target
GSM259087,0
GSM259088,0
GSM259089,0
GSM259090,0
GSM259091,0
GSM259096,0
GSM259100,0
GSM259101,0
GSM262030,0
GSM262031,0
GSM262032,0
GSM262033,0
GSM262034,0
GSM262035,0
GSM262036,0
GSM262037,0
GSM262038,0
GSM262039,0
GSM262040,0
GSM262041,0
GSM262042,0
GSM262043,0
GSM262044,0
GSM262045,0
GSM262046,0
GSM262047,0
GSM262048,0
GSM262049,0
GSM262050,0
GSM262051,0
GSM262052,0
GSM262053,0
GSM262054,0
GSM262055,0
GSM262056,0
GSM262057,0
GSM262058,0
GSM262059,0
GSM262060,0
GSM262061,0
GSM262062,0
GSM262063,0
GSM262064,0
GSM262065,0
GSM262066,0
GSM262067,0
GSM262068,0
GSM262069,0
GSM262070,0
GSM262071,0
GSM262072,0
GSM262073,0
GSM262074,0
GSM262075,0
GSM262076,0
GSM262077,0
GSM262078,0
GSM262079,0
GSM262080,0
GSM262090,0
GSM262091,0
GSM262092,0
GSM262093,0
GSM262094,0
GSM262095,0
GSM262096,0
GSM262097,0
GSM262098,0
GSM262099,0
GSM262100,0
GSM262101,0
GSM262102,0
GSM262103,0
GSM262104,0
GSM262105,0
GSM262106,0
GSM262107,0
GSM262108,0
GSM262109,0
GSM262110,0
GSM262111,0
GSM262112,0
GSM262113,0
GSM262114,0
GSM262115,0
GSM262116,0
GSM262117,0
GSM262118,0
GSM262119,0
GSM262120,0
GSM262121,0
GSM262122,0
GSM262123,0
GSM262124,0
GSM262125,0
GSM262126,0
GSM262127,0
GSM262128,0
GSM262129,0
GSM262130,0
GSM262131,0
GSM262132,0
GSM262133,0
GSM262134,0
GSM262135,0
GSM262136,0
GSM262137,0
GSM262138,0
GSM262139,0
GSM262140,0
GSM262141,0
GSM262142,0
GSM262143,0
GSM262144,0
GSM262145,0
GSM262146,0
GSM262147,0
GSM262148,0
GSM262149,0
GSM262150,0
GSM262151,0
GSM262152,0
GSM262153,0
GSM262154,0
GSM262155,0
GSM262156,0
GSM262157,0
GSM262158,0
GSM262159,0
GSM262160,0
GSM262161,0
GSM262162,0
GSM262163,0
GSM262164,0
GSM262165,0
GSM262166,0
GSM262167,0
GSM262168,0
GSM262169,0
GSM262170,0
GSM262171,0
GSM262172,0
GSM262173,0
GSM262174,0
GSM262175,0
GSM262176,0
GSM262177,0
GSM262178,0
GSM262179,0
GSM262180,0
GSM262181,0
GSM262182,0
GSM262183,0
GSM262184,0
GSM262185,0
GSM262186,0
GSM262187,0
GSM262188,0
GSM262189,0
GSM262190,0
GSM262191,0
GSM262192,0
GSM262193,0
GSM262194,0
GSM262195,0
GSM262196,0
GSM262197,0
GSM262198,0
GSM262199,0
GSM262200,0
GSM262201,0
GSM262202,0
GSM262203,0
GSM262204,0
GSM262205,0
GSM262206,0
GSM262207,0
GSM262208,0
GSM262209,0
GSM262210,0
GSM262211,0
GSM262212,0
GSM262213,0
GSM262214,0
GSM262215,0
GSM262216,0
GSM262217,0
GSM262218,0
GSM262219,0
GSM262220,0
GSM262221,0
GSM262222,0
GSM726172,0
GSM726173,0
GSM726174,0
GSM726175,0
GSM726176,0
GSM726177,0
GSM726178,0
GSM726179,0
GSM726180,0
GSM726181,0
GSM726182,0
GSM726183,0
GSM726184,0
GSM726185,0
GSM726186,0
GSM726187,0
GSM726188,0
GSM726189,0
GSM726190,0
GSM726191,0
GSM726192,0
GSM726193,0
GSM726194,0
GSM726195,0
GSM726196,0
GSM726197,0
GSM726198,0
GSM726199,0
GSM726200,0
GSM726201,0
GSM726202,0
GSM726203,0
GSM726204,0
GSM726205,0
GSM726206,0
GSM726207,0
GSM726208,0
GSM726209,0
GSM726210,0
GSM726211,0
GSM726212,0
GSM726213,0
GSM726214,0
GSM726215,0
GSM726216,0
GSM726217,0
GSM726218,0
GSM726219,0
GSM726220,0
GSM726221,0
GSM726222,0
GSM726223,0
GSM726224,0
GSM726225,0
GSM726226,0
GSM726227,0
GSM726228,0
GSM726229,0
GSM726230,0
GSM726231,0
GSM726232,0
GSM726233,0
GSM726234,0
GSM726235,0
GSM726236,0
GSM726237,0
GSM726238,0
GSM726239,0
GSM726240,0
GSM726241,0
GSM726242,0
GSM726243,0
GSM726244,0
GSM726245,0
GSM726246,0
GSM726247,0
GSM726248,0
GSM726249,0
GSM726250,0
GSM726251,0
GSM726252,0
GSM726253,0
GSM726254,0
GSM726255,0
GSM726256,0
GSM726257,0
GSM726258,0
GSM726259,0
GSM726260,0
GSM726261,0
GSM726262,0
GSM1226121,0
GSM1254265,0
GSM1254266,0
GSM1254267,0
GSM1254268,0
GSM1254269,0
GSM1254270,0
GSM1254271,0
GSM1254272,0
GSM1254273,0
GSM1254274,0
GSM1254275,0
GSM1254276,0
GSM1254277,0
GSM1254278,0
GSM1254279,0
GSM1254280,0
GSM1254281,0
GSM1254282,0
GSM1254283,0
GSM1254284,0
GSM1254285,0
GSM1254286,0
GSM1254287,0
GSM1254288,0
GSM316652,0
GSM316653,0
GSM316654,0
GSM316655,0
GSM316656,0
GSM316657,0
GSM316659,0
GSM316660,0
GSM316661,0
GSM316662,0
GSM316663,0
GSM316664,0
GSM316665,0
GSM316666,0
GSM316667,0
GSM316668,0
GSM316669,0
GSM316670,0
GSM316671,0
GSM316672,0
GSM316673,0
GSM316674,0
GSM316675,0
GSM316676,0
GSM316677,0
GSM316678,0
GSM316679,0
GSM316680,0
GSM316681,0
GSM316682,0
GSM316683,0
GSM316684,0
GSM316685,0
GSM316686,0
GSM316687,0
GSM316688,0
GSM316689,0
GSM316690,0
GSM316691,0
GSM316692,0
GSM316693,0
GSM316694,0
GSM316695,0
GSM316696,0
GSM316697,0
GSM316698,0
GSM316699,0
GSM316700,0
GSM316701,0
GSM316702,0
GSM316703,0
GSM316704,0
GSM316705,0
GSM316706,0
GSM316707,0
GSM316708,0
GSM316709,0
GSM316710,0
GSM316711,0
GSM316712,0
GSM316713,0
GSM316714,0
GSM316715,0
GSM316716,0
GSM316717,0
GSM316718,0
GSM316719,0
GSM316720,0
GSM316721,0
GSM316722,0
GSM316723,0
GSM316724,0
GSM316725,0
GSM316726,0
GSM316727,0
GSM316728,0
GSM316729,0
GSM316730,0
GSM158711,0
GSM158712,0
GSM158713,0
GSM158714,0
GSM158715,0
GSM158716,0
GSM158717,0
GSM158718,0
GSM158719,0
GSM158720,0
GSM158721,0
GSM158722,0
GSM158723,0
GSM158724,0
GSM158725,0
GSM158726,0
GSM158727,0
GSM158728,0
GSM158729,0
GSM158730,0
GSM158731,0
GSM158732,0
GSM158733,0
GSM158734,0
GSM158735,0
GSM158736,0
GSM158737,0
GSM158738,0
GSM158739,0
GSM158740,0
GSM158741,0
GSM158742,0
GSM158743,0
GSM158744,0
GSM158745,0
GSM158746,0
GSM158747,0
GSM158748,0
GSM158749,0
GSM158750,0
GSM158751,0
GSM158752,0
GSM158753,0
GSM158754,0
GSM158755,0
GSM158756,0
GSM158757,0
GSM158758,0
GSM158759,0
GSM158760,0
GSM158761,0
GSM158762,0
GSM158763,0
GSM158764,0
GSM158765,0
GSM158766,0
GSM158767,0
GSM158768,0
GSM158769,0
GSM158770,0
GSM158771,0
GSM158772,0
GSM158773,0
GSM158774,0
GSM158775,0
GSM158776,0
GSM158777,0
GSM158778,0
GSM158779,0
GSM158780,0
GSM158781,0
GSM158782,0
GSM158783,0
GSM158784,0
GSM158785,0
GSM158786,0
GSM158787,0
GSM158788,0
GSM158789,0
GSM158790,0
GSM158791,0
GSM158792,0
GSM158793,0
GSM158794,0
GSM158795,0
GSM158796,0
GSM158797,0
GSM158798,0
GSM158799,0
GSM158800,0
GSM158801,0
GSM158802,0
GSM158803,0
GSM158804,0
GSM158805,0
GSM158806,0
GSM158807,0
GSM158808,0
GSM158809,0
GSM158810,0
GSM158811,0
GSM158812,0
GSM158813,0
GSM158814,0
GSM158815,0
GSM158816,0
GSM158817,0
GSM158818,0
GSM158819,0
GSM158820,0
GSM158821,0
GSM158822,0
GSM158823,0
GSM158824,0
GSM158825,0
GSM158826,0
GSM158827,0
GSM158828,0
GSM158829,0
GSM158830,0
GSM158831,0
GSM158832,0
GSM158833,0
GSM158834,0
GSM158835,0
GSM158836,0
GSM158837,0
GSM158838,0
GSM158839,0
GSM158840,0
GSM158841,0
GSM158842,0
GSM158843,0
GSM158844,0
GSM158845,0
GSM158846,0
GSM158847,0
GSM158848,0
GSM158849,0
GSM158850,0
GSM158851,0
GSM158852,0
GSM158853,0
GSM158854,0
GSM158855,0
GSM158856,0
GSM158857,0
GSM158858,0
GSM158859,0
GSM158860,0
GSM158861,0
GSM158862,0
GSM158863,0
GSM158864,0
GSM158865,0
GSM158866,0
GSM158867,0
GSM158868,0
GSM158869,0
GSM158870,0
GSM158871,0
GSM158872,0
GSM158873,0
GSM158874,0
GSM158875,0
GSM158876,0
GSM158877,0
GSM158878,0
GSM158879,0
GSM158880,0
GSM158881,0
GSM158882,0
GSM158883,0
GSM158884,0
GSM158885,0
GSM158886,0
GSM158887,0
GSM158888,0
GSM158889,0
GSM158890,0
GSM158891,0
GSM158892,0
GSM158893,0
GSM158894,0
GSM158895,0
GSM158896,0
GSM158897,0
GSM158898,0
GSM158899,0
GSM158900,0
GSM158901,0
GSM158902,0
GSM158903,0
GSM158904,0
GSM158905,0
GSM158906,0
GSM158907,0
GSM158908,0
GSM158909,0
GSM158910,0
GSM158911,0
GSM158912,0
GSM158913,0
GSM158914,0
GSM158915,0
GSM158916,0
GSM158917,0
GSM158918,0
GSM158919,0
GSM158920,0
GSM158921,0
GSM158922,0
GSM158923,0
GSM158924,0
GSM158925,0
GSM158926,0
GSM158927,0
GSM158928,0
GSM158929,0
GSM158930,0
GSM158931,0
GSM158932,0
GSM158933,0
GSM158934,0
GSM158935,0
GSM158936,0
GSM158937,0
GSM158938,0
GSM158939,0
GSM158940,0
GSM158941,0
GSM158942,0
GSM158943,0
GSM158944,0
GSM158945,0
GSM158946,0
GSM158947,0
GSM158948,0
GSM158949,0
GSM158950,0
GSM158951,0
GSM158952,0
GSM158953,0
GSM158954,0
GSM158955,0
GSM158956,0
GSM158957,0
GSM158958,0
GSM158959,0
GSM158960,0
GSM158961,0
GSM158962,0
GSM158963,0
GSM158964,0
GSM158965,0
GSM158966,0
GSM158967,0
GSM158968,0
GSM158969,0
GSM158970,0
GSM158971,0
GSM158972,0
GSM158973,0
GSM158974,0
GSM158975,0
GSM158976,0
GSM158977,0
GSM158978,0
GSM158979,0
GSM158980,0
GSM158981,0
GSM158982,0
GSM158983,0
GSM158984,0
GSM158985,0
GSM158986,0
GSM158987,0
GSM158988,0
GSM158989,0
GSM158990,0
GSM158991,0
GSM158992,0
GSM158993,0
GSM158994,0
GSM158995,0
GSM158996,0
GSM158997,0
GSM158998,0
GSM158999,0
GSM159000,0
GSM159001,0
GSM159002,0
GSM159003,0
GSM159004,0
GSM159005,0
GSM159006,0
GSM159007,0
GSM159008,0
GSM159009,0
GSM159010,0
GSM159011,0
GSM159012,0
GSM159013,0
GSM159014,0
GSM159015,0
GSM159016,0
GSM159017,0
GSM159018,0
GSM159019,0
GSM159020,0
GSM159021,0
GSM159022,0
GSM159023,0
GSM159024,0
GSM159025,0
GSM159026,0
GSM159027,0
GSM159028,0
GSM159029,0
GSM159030,0
GSM159031,0
GSM159032,0
GSM159033,0
GSM159034,0
GSM159035,0
GSM159036,0
GSM159037,0
GSM159038,0
GSM159039,0
GSM159040,0
GSM159041,0
GSM159042,0
GSM159043,0
GSM159044,0
GSM159045,0
GSM159046,0
GSM159047,0
GSM159048,0
GSM159049,0
GSM159050,0
GSM159051,0
GSM159052,0
GSM159053,0
GSM159054,0
GSM159055,0
GSM159056,0
GSM159057,0
GSM159058,0
GSM159059,0
GSM159060,0
GSM159061,0
GSM159062,0
GSM159063,0
GSM159064,0
GSM159065,0
GSM159066,0
GSM159067,0
GSM159068,0
GSM159069,0
GSM159070,0
GSM159071,0
GSM159072,0
GSM159073,0
GSM159074,0
GSM159075,0
GSM159076,0
GSM159077,0
GSM159078,0
GSM159079,0
GSM159080,0
GSM159081,0
GSM159082,0
GSM159083,0
GSM159084,0
GSM159085,0
GSM159086,0
GSM159087,0
GSM159088,0
GSM159089,0
GSM159090,0
GSM159091,0
GSM159092,0
GSM159093,0
GSM159094,0
GSM159095,0
GSM159096,0
GSM159097,0
GSM159098,0
GSM159099,0
GSM159100,0
GSM159101,0
GSM159102,0
GSM159103,0
GSM159104,0
GSM159105,0
GSM159106,0
GSM159107,0
GSM159108,0
GSM159109,0
GSM159110,0
GSM159111,0
GSM159112,0
GSM159113,0
GSM159115,0
GSM159116,0
GSM159117,0
GSM159118,0
GSM159119,0
GSM159120,0
GSM159121,0
GSM159122,0
GSM159123,0
GSM159124,0
GSM159125,0
GSM159126,0
GSM159127,0
GSM159128,0
GSM159129,0
GSM159130,0
GSM159131,0
GSM159132,0
GSM159133,0
GSM159134,0
GSM159135,0
GSM159136,0
GSM159137,0
GSM159138,0
GSM159139,0
GSM159140,0
GSM159141,0
GSM159142,0
GSM159143,0
GSM159144,0
GSM159145,0
GSM159146,0
GSM159147,0
GSM159148,0
GSM159149,0
GSM159150,0
GSM159151,0
GSM159152,0
GSM159153,0
GSM159154,0
GSM159155,0
GSM159156,0
GSM159157,0
GSM159158,0
GSM159159,0
GSM159160,0
GSM159161,0
GSM159162,0
GSM159163,0
GSM159164,0
GSM159165,0
GSM159166,0
GSM159167,0
GSM159168,0
GSM159169,0
GSM159170,0
GSM159171,0
GSM361321,0
GSM361322,0
GSM361323,0
GSM361324,0
GSM361325,0
GSM361326,0
GSM361327,0
GSM361328,0
GSM361329,0
GSM361330,0
GSM361331,0
GSM361332,0
GSM361333,0
GSM361334,0
GSM361335,0
GSM361336,0
GSM361337,0
GSM361338,0
GSM361339,0
GSM361340,0
GSM361341,0
GSM361342,0
GSM361343,0
GSM361344,0
GSM361345,0
GSM361346,0
GSM361347,0
GSM361348,0
GSM361349,0
GSM361350,0
GSM361351,0
GSM361352,0
GSM361353,0
GSM361354,0
GSM361355,0
GSM361356,0
GSM361357,0
GSM361358,0
GSM361359,0
GSM361360,0
GSM361361,0
GSM361362,0
GSM361363,0
GSM361364,0
GSM361365,0
GSM361366,0
GSM361367,0
GSM361368,0
GSM361369,0
GSM361370,0
GSM361371,0
GSM361372,0
GSM361373,0
GSM361374,0
GSM361375,0
GSM361376,0
GSM361377,0
GSM361378,0
GSM361379,0
GSM361380,0
GSM361381,0
GSM361382,0
GSM361383,0
GSM361384,0
GSM361385,0
GSM361605,0
GSM361606,0
GSM361607,0
GSM361608,0
GSM361609,0
GSM361610,0
GSM361611,0
GSM361612,0
GSM361613,0
GSM361614,0
GSM361615,0
GSM361616,0
GSM361617,0
GSM361618,0
GSM361619,0
GSM361620,0
GSM387060,0
GSM387061,0
GSM387062,0
GSM387063,0
GSM387064,0
GSM387065,0
GSM387066,0
GSM387067,0
GSM387068,0
GSM387069,0
GSM387070,0
GSM387071,0
GSM387072,0
GSM387073,0
GSM387074,0
GSM387075,0
GSM387076,0
GSM387077,0
GSM387078,0
GSM387079,0
GSM387080,0
GSM387081,0
GSM387082,0
GSM387083,0
GSM387084,0
GSM387085,0
GSM387086,0
GSM387087,0
GSM387088,0
GSM387089,0
GSM387090,0
GSM387091,0
GSM387092,0
GSM387093,0
GSM387094,0
GSM387095,0
GSM387096,0
GSM387097,0
GSM387098,0
GSM387099,0
GSM387100,0
GSM387101,0
GSM387102,0
GSM387103,0
GSM387104,0
GSM387105,0
GSM387106,0
GSM387107,0
GSM387108,0
GSM387109,0
GSM387110,0
GSM387111,0
GSM387112,0
GSM387113,0
GSM387114,0
GSM387115,0
GSM387116,0
GSM387117,0
GSM387118,0
GSM387119,0
GSM387120,0
GSM387121,0
GSM387122,0
GSM387123,0
GSM387124,0
GSM387125,0
GSM387126,0
GSM387127,0
GSM387128,0
GSM387129,0
GSM387130,0
GSM387131,0
GSM387132,0
GSM387133,0
GSM387134,0
GSM387135,0
GSM387136,0
GSM387137,0
GSM387138,0
GSM387139,0
GSM387140,0
GSM387141,0
GSM387142,0
GSM387143,0
GSM387144,0
GSM387145,0
GSM387146,0
GSM387147,0
GSM387148,0
GSM387149,0
GSM387150,0
GSM387151,0
GSM387152,0
GSM387153,0
GSM387154,0
GSM387155,0
GSM387156,0
GSM387157,0
GSM387158,0
GSM387159,0
GSM387160,0
GSM387161,0
GSM387162,0
GSM387163,0
GSM387164,0
GSM387165,0
GSM387166,0
GSM387167,0
GSM387168,0
GSM387169,0
GSM387170,0
GSM387171,0
GSM387172,0
GSM387173,0
GSM387174,0
GSM387175,0
GSM387176,0
GSM387177,0
GSM387178,0
GSM387179,0
GSM387180,0
GSM387181,0
GSM387182,0
GSM387183,0
GSM387184,0
GSM387185,0
GSM387186,0
GSM387187,0
GSM387188,0
GSM387189,0
GSM387190,0
GSM387191,0
GSM387192,0
GSM387193,0
GSM387194,0
GSM387195,0
GSM387196,0
GSM387197,0
GSM387198,0
GSM387199,0
GSM387200,0
GSM387201,0
GSM387202,0
GSM387203,0
GSM387204,0
GSM387205,0
GSM387206,0
GSM387207,0
GSM387208,0
GSM387209,0
GSM387210,0
GSM387211,0
GSM387212,0
GSM387213,0
GSM387214,0
GSM387215,0
GSM387216,0
GSM387217,0
GSM387218,0
GSM387219,0
GSM387220,0
GSM387221,0
GSM387222,0
GSM387223,0
GSM387224,0
GSM387225,0
GSM387226,0
GSM387227,0
GSM387228,0
GSM387229,0
GSM387230,0
GSM387231,0
GSM387232,0
GSM387233,0
GSM387234,0
GSM387235,0
GSM387236,0
GSM387237,0
GSM387238,0
GSM387239,0
GSM387240,0
GSM387241,0
GSM387242,0
GSM387243,0
GSM387244,0
GSM387245,0
GSM387246,0
GSM387247,0
GSM387248,0
GSM387249,0
GSM387250,0
GSM387251,0
GSM387252,0
GSM387253,0
GSM387254,0
GSM387255,0
GSM387256,0
GSM387257,0
GSM387258,0
GSM387259,0
GSM387260,0
GSM387261,0
GSM387262,0
GSM387263,0
GSM387264,0
GSM387265,0
GSM387266,0
GSM387267,0
GSM387268,0
GSM387269,0
GSM387270,0
GSM387271,0
GSM387272,0
GSM387273,0
GSM387274,0
GSM387275,0
GSM387276,0
GSM387277,0
GSM387278,0
GSM387279,0
GSM387280,0
GSM387281,0
GSM387282,0
GSM387283,0
GSM387284,0
GSM387285,0
GSM387286,0
GSM387287,0
GSM387288,0
GSM387289,0
GSM387290,0
GSM387291,0
GSM387292,0
GSM387293,0
GSM387294,0
GSM387295,0
GSM387296,0
GSM387297,0
GSM387298,0
GSM387299,0
GSM387300,0
GSM387301,0
GSM387302,0
GSM387303,0
GSM387304,0
GSM387305,0
GSM387306,0
GSM387307,0
GSM387308,0
GSM387309,0
GSM387310,0
GSM740080,0
GSM740081,0
GSM740082,0
GSM740083,0
GSM740084,0
GSM740085,0
GSM740086,0
GSM740087,0
GSM740088,0
GSM740089,0
GSM740090,0
GSM740091,0
GSM924440,0
GSM924441,0
GSM924442,0
GSM924443,0
GSM924444,0
GSM924445,0
GSM924446,0
GSM924447,0
GSM924448,0
GSM924449,0
GSM924450,0
GSM924451,0
GSM924452,0
GSM924453,0
GSM924454,0
GSM924455,0
GSM924456,0
GSM924457,0
GSM924458,0
GSM924459,0
GSM924460,0
GSM924461,0
GSM924462,0
GSM924463,0
GSM924464,0
GSM924465,0
GSM924466,0
GSM924467,0
GSM924468,0
GSM924469,0
GSM924470,0
GSM924471,0
GSM924472,0
GSM924473,0
GSM924474,0
GSM924475,0
GSM924476,0
GSM924477,0
GSM924478,0
GSM924479,0
GSM924480,0
GSM924481,0
GSM924482,0
GSM924483,0
GSM924484,0
GSM924485,0
GSM924486,0
GSM924487,0
GSM924488,0
GSM924489,0
GSM924490,0
GSM924491,0
GSM924492,0
GSM924493,0
GSM924494,0
GSM924495,0
GSM924496,0
GSM924497,0
GSM924498,0
GSM924499,0
GSM924500,0
GSM924501,0
GSM924502,0
GSM924503,0
GSM924504,0
GSM924505,0
GSM924506,0
GSM924507,0
GSM924508,0
GSM924509,0
GSM924510,0
GSM924511,0
GSM924512,0
GSM924513,0
GSM924514,0
GSM924515,0
GSM924516,0
GSM924517,0
GSM924518,0
GSM924519,0
GSM924520,0
GSM924521,0
GSM924522,0
GSM924523,0
GSM924524,0
GSM924525,0
GSM924526,0
GSM924527,0
GSM924528,0
GSM924529,0
GSM924530,0
GSM924531,0
GSM924532,0
GSM924533,0
GSM924534,0
GSM924535,0
GSM924536,0
GSM924537,0
GSM924538,0
GSM924539,0
GSM924540,0
GSM924541,0
GSM924542,0
GSM924543,0
GSM924544,0
GSM924545,0
GSM924546,0
GSM924547,0
GSM924548,0
GSM924549,0
GSM924550,0
GSM924551,0
GSM924552,0
GSM924553,0
GSM924554,0
GSM924555,0
GSM924556,0
GSM924557,0
GSM924558,0
GSM924559,0
GSM924560,0
GSM924561,0
GSM924562,0
GSM924563,0
GSM924564,0
GSM924565,0
GSM924566,0
GSM924567,0
GSM924568,0
GSM924569,0
GSM924570,0
GSM924571,0
GSM924572,0
GSM924573,0
GSM924574,0
GSM924575,0
GSM924576,0
GSM924577,0
GSM924578,0
GSM924579,0
GSM966600,0
GSM966601,0
GSM966602,0
GSM966603,0
GSM966604,0
GSM966605,0
GSM966606,0
GSM966607,0
GSM966608,0
GSM966609,0
GSM966610,0
GSM966611,0
GSM966612,0
GSM1138793,0
GSM1138794,0
GSM1138795,0
GSM1138796,0
GSM1138797,0
GSM1138798,0
GSM1138799,0
GSM1138800,0
GSM1138801,0
GSM1138802,0
GSM1138803,0
GSM1138804,0
GSM1682614,0
GSM1682615,0
GSM1682616,0
GSM1682617,0
GSM1682618,0
GSM1682619,0
GSM1682620,0
GSM1682621,0
GSM1682622,0
GSM1682623,0
GSM1682624,0
GSM1682625,0
GSM1682626,0
GSM1682627,0
GSM1682628,0
GSM1682629,0
GSM1682630,0
GSM1682631,0
GSM1682632,0
GSM1682633,0
GSM1682634,0
GSM1682635,0
GSM1682636,0
GSM1682637,0
GSM1682638,0
GSM1682639,0
GSM1682640,0
GSM1682641,0
GSM1682642,0
GSM1682643,0
GSM1682644,0
GSM1682645,0
GSM1682646,0
GSM1682647,0
GSM1682648,0
GSM1682649,0
GSM1682650,0
GSM1682651,0
GSM1682652,0
GSM1682653,0
GSM1682654,0
GSM1682655,0
GSM1682656,0
GSM1682657,0
GSM1682658,0
GSM1682659,0
GSM1682660,0
GSM1682661,0
GSM1682662,0
GSM1682663,0
GSM1682664,0
GSM1682665,0
GSM1682666,0
GSM1682667,0
GSM1682668,0
GSM1682669,0
GSM1682670,0
GSM1682671,0
GSM1682672,0
GSM1682673,0
GSM1682674,0
GSM1682675,0
GSM1682676,0
GSM1682677,0
GSM1682678,0
GSM1682679,0
GSM1682680,0
GSM1682681,0
GSM1682682,0
GSM1682683,0
GSM1682684,0
GSM1682685,0
GSM1682686,0
GSM1682687,0
GSM1682688,0
GSM1682689,0
GSM1682690,0
GSM1682691,0
GSM1682692,0
GSM1682693,0
GSM1682694,0
GSM1682695,0
GSM1682696,0
GSM1682697,0
GSM1682698,0
GSM1682699,0
GSM1682700,0
GSM1682701,0
GSM1682702,0
GSM1682703,0
GSM1682704,0
GSM1682705,0
GSM1682706,0
GSM1682707,0
GSM1682708,0
GSM1682709,0
GSM1682710,0
GSM1682711,0
GSM1682712,0
GSM1682713,0
GSM1682714,0
GSM1682715,0
GSM1682716,0
GSM1682717,0
GSM1682718,0
GSM1682719,0
GSM1682720,0
GSM1682721,0
GSM1682722,0
GSM1682723,0
GSM1682724,0
GSM1682725,0
GSM1682726,0
GSM1682727,0
GSM1682728,0
GSM1682729,0
GSM1682730,0
GSM1682731,0
GSM1682732,0
GSM1682733,0
GSM1682734,0
GSM1682735,0
GSM1682736,0
GSM1682737,0
GSM1682738,0
GSM1682739,0
GSM1682740,0
GSM1682741,0
GSM1682742,0
GSM1682743,0
GSM1682744,0
GSM1682745,0
GSM1682746,0
GSM1682747,0
GSM1682748,0
GSM1682749,0
GSM1682750,0
GSM1682751,0
GSM1682752,0
GSM1682753,0
GSM1682754,0
GSM1682755,0
GSM1682756,0
GSM1682757,0
GSM1682758,0
GSM1682759,0
GSM1682760,0
GSM1682761,0
GSM1682762,0
GSM1682763,0
GSM1682764,0
GSM1682765,0
GSM1682766,0
GSM1682767,0
GSM1682768,0
GSM1682769,0
GSM1682770,0
GSM1682771,0
GSM1682772,0
GSM1682773,0
GSM1682774,0
GSM1682775,0
GSM1682776,0
GSM1682777,0
GSM1682778,0
GSM1682779,0
GSM1682780,0
GSM1682781,0
GSM1682782,0
GSM1682783,0
GSM1682784,0
GSM1682785,0
GSM1682786,0
GSM1682787,0
GSM1682788,0
GSM1682789,0
GSM1682790,0
GSM1682791,0
GSM1682792,0
GSM1682793,0
GSM1682794,0
GSM1682795,0
GSM1682796,0
GSM1703999,0
GSM1704000,0
GSM1704001,0
GSM1704002,0
GSM1704003,0
GSM1704004,0
GSM1704005,0
GSM1704006,0
GSM1704007,0
GSM1704008,0
GSM1704009,0
GSM1704010,0
GSM2232028,0
GSM2232029,0
GSM2232030,0
GSM2232031,0
GSM2232032,0
GSM2232033,0
GSM2232034,0
GSM2232035,0
GSM2232036,0
GSM2232037,0
GSM2232038,0
GSM2232039,0
GSM2232040,0
GSM2232041,0
GSM2232042,0
GSM2232043,0
GSM2232044,0
GSM2232045,0
GSM2232046,0
GSM2232047,0
GSM2232048,0
GSM2232049,0
GSM2232050,0
GSM2232051,0
GSM2232052,0
GSM2232053,0
GSM2232054,0
GSM2232055,0
GSM2232056,0
GSM2232057,0
GSM2232058,0
GSM2232059,0
GSM2232060,0
GSM2232061,0
GSM2232062,0
GSM2232063,0
GSM2232064,0
GSM2232065,0
GSM2232066,0
GSM2232067,0
GSM2232068,0
GSM2232069,0
GSM2232070,0
GSM2232071,0
GSM2232072,0
GSM568139,0
GSM568141,0
GSM568143,0
GSM568145,0
GSM568148,0
GSM568150,0
GSM568152,0
GSM568155,0
GSM568157,0
GSM568160,0
GSM568162,0
GSM568164,0
GSM568166,0
GSM568168,0
GSM568171,0
GSM568173,0
GSM568179,0
GSM568182,0
GSM568185,0
GSM568192,0
GSM568195,0
GSM568198,0
GSM568204,0
GSM568207,0
GSM568213,0
GSM568217,0
GSM568220,0
GSM568223,0
GSM568233,0
GSM568241,0
GSM568242,0
GSM568254,0
GSM568258,0
GSM568260,0
GSM311598_311761,0
GSM311599_311762,0
GSM311600_311763,0
GSM311601_311764,0
GSM311603_311766,0
GSM311604_311767,0
GSM311605_311768,0
GSM311606_311769,0
GSM311607_311770,0
GSM311608_311771,0
GSM311609_311772,0
GSM311610_311773,0
GSM311611_311774,0
GSM311612_311775,0
GSM311613_311776,0
GSM311614_311777,0
GSM311615_311778,0
GSM311616_311779,0
GSM311617_311780,0
GSM311618_311781,0
GSM311619_311782,0
GSM311620_311783,0
GSM311621_311784,0
GSM311622_311785,0
GSM311623_311786,0
GSM311624_311787,0
GSM311625_311788,0
GSM311626_311789,0
GSM311627_311790,0
GSM311628_311791,0
GSM311629_311792,0
GSM311630_311793,0
GSM311631_311794,0
GSM311632_311795,0
GSM311633_311796,0
GSM311634_311797,0
GSM311635_311798,0
GSM311636_311799,0
GSM311637_311800,0
GSM311638_311801,0
GSM311639_311802,0
GSM311640_311803,0
GSM311641_311804,0
GSM311642_311805,0
GSM311643_311806,0
GSM311644_311807,0
GSM311645_311808,0
GSM311646_311809,0
GSM311647_311810,0
GSM311648_311811,0
GSM311649_311812,0
GSM311650_311813,0
GSM311651_311814,0
GSM311652_311815,0
GSM311653_311816,0
GSM311654_311817,0
GSM311655_311818,0
GSM311656_311819,0
GSM311657_311820,0
GSM311658_311821,0
GSM311659_311822,0
GSM311660_311823,0
GSM311661_311824,0
GSM311662_311825,0
GSM311663_311826,0
GSM311664_311827,0
GSM311665_311828,0
GSM311666_311829,0
GSM311667_311830,0
GSM311668_311831,0
GSM311669_311832,0
GSM311670_311833,0
GSM311671_311834,0
GSM311672_311835,0
GSM311673_311836,0
GSM311674_311837,0
GSM311675_311838,0
GSM311676_311839,0
GSM311677_311840,0
GSM311678_311841,0
GSM311679_311842,0
GSM311680_311843,0
GSM311681_311844,0
GSM311682_311845,0
GSM311683_311846,0
GSM311684_311847,0
GSM311685_311848,0
GSM311686_311849,0
GSM311687_311850,0
GSM311688_311851,0
GSM311689_311852,0
GSM311690_311853,0
GSM311691_311854,0
GSM311692_311855,0
GSM311693_311856,0
GSM311694_311857,0
GSM311695_311858,0
GSM311696_311859,0
GSM311697_311860,0
GSM311698_311861,0
GSM311699_311862,0
GSM311700_311863,0
GSM311701_311864,0
GSM311702_311865,0
GSM311703_311866,0
GSM311704_311867,0
GSM311705_311868,0
GSM311706_311869,0
GSM311707_311870,0
GSM311708_311871,0
GSM311709_311872,0
GSM311710_311873,0
GSM311711_311874,0
GSM311712_311875,0
GSM311713_311876,0
GSM311714_311877,0
GSM311715_311878,0
GSM311716_311879,0
GSM311717_311880,0
GSM311718_311881,0
GSM311719_311882,0
GSM311720_311883,0
GSM311721_311884,0
GSM311722_311885,0
GSM311723_311886,0
GSM311724_311887,0
GSM311725_311888,0
GSM311726_311889,0
GSM311727_311890,0
GSM311728_311891,0
GSM311729_311892,0
GSM311730_311893,0
GSM311731_311894,0
GSM311732_311895,0
GSM311733_311896,0
GSM311734_311897,0
GSM311735_311898,0
GSM311736_311899,0
GSM311737_311900,0
GSM311738_311901,0
GSM311739_311902,0
GSM311740_311903,0
GSM311741_311904,0
GSM311742_311905,0
GSM311743_311906,0
GSM311744_311907,0
GSM311745_311908,0
GSM311746_311909,0
GSM311747_311910,0
GSM311748_311911,0
GSM311749_311912,0
GSM311750_311913,0
GSM311751_311914,0
GSM311752_311915,0
GSM311753_311916,0
GSM311754_311917,0
GSM311755_311918,0
GSM311756_311919,0
GSM311757_311920,0
GSM311758_311921,0
GSM311759_311922,0
GSM311760_311923,0
GSM923596_924018,0
GSM923597_924019,0
GSM923598_924020,0
GSM923599_924021,0
GSM923600_924022,0
GSM923601_924023,0
GSM923602_924024,0
GSM923603_924025,0
GSM923604_924026,0
GSM923605_924027,0
GSM923606_924028,0
GSM923607_924029,0
GSM923608_924030,0
GSM923609_924031,0
GSM923610_924032,0
GSM923611_924033,0
GSM923612_924034,0
GSM923613_924035,0
GSM923614_924036,0
GSM923615_924037,0
GSM923616_924038,0
GSM923617_924039,0
GSM923618_924040,0
GSM923619_924041,0
GSM923620_924042,0
GSM923621_924043,0
GSM923622_924044,0
GSM923623_924045,0
GSM923624_924046,0
GSM923625_924047,0
GSM923626_924048,0
GSM923627_924049,0
GSM923628_924050,0
GSM923629_924051,0
GSM923630_924052,0
GSM923631_924053,0
GSM923632_924054,0
GSM923633_924055,0
GSM923634_924056,0
GSM923635_924057,0
GSM923636_924058,0
GSM923637_924059,0
GSM923638_924060,0
GSM923639_924061,0
GSM923640_924062,0
GSM923641_924063,0
GSM923642_924064,0
GSM923643_924065,0
GSM923644_924066,0
GSM923645_924067,0
GSM923646_924068,0
GSM923647_924069,0
GSM923648_924070,0
GSM923649_924071,0
GSM923650_924072,0
GSM923651_924073,0
GSM923652_924074,0
GSM923653_924075,0
GSM923654_924076,0
GSM923655_924077,0
GSM923656_924078,0
GSM923657_924079,0
GSM923658_924080,0
GSM923659_924081,0
GSM923660_924082,0
GSM923661_924083,0
GSM923662_924084,0
GSM923663_924085,0
GSM923664_924086,0
GSM923665_924087,0
GSM923666_924088,0
GSM923667_924089,0
GSM923668_924090,0
GSM923669_924091,0
GSM923670_924092,0
GSM923671_924093,0
GSM923672_924094,0
GSM923673_924095,0
GSM923674_924096,0
GSM923675_924097,0
GSM923676_924098,0
GSM923677_924099,0
GSM923678_924100,0
GSM923679_924101,0
GSM923680_924102,0
GSM923681_924103,0
GSM923682_924104,0
GSM923683_924105,0
GSM923684_924106,0
GSM923685_924107,0
GSM923686_924108,0
GSM923687_924109,0
GSM923688_924110,0
GSM923689_924111,0
GSM923690_924112,0
GSM923691_924113,0
GSM923692_924114,0
GSM923693_924115,0
GSM923694_924116,0
GSM923695_924117,0
GSM923696_924118,0
GSM923697_924119,0
GSM923698_924120,0
GSM923699_924121,0
GSM923700_924122,0
GSM923701_924123,0
GSM923702_924124,0
GSM923703_924125,0
GSM923704_924126,0
GSM923705_924127,0
GSM923706_924128,0
GSM923707_924129,0
GSM923708_924130,0
GSM923709_924131,0
GSM923710_924132,0
GSM923711_924133,0
GSM923712_924134,0
GSM923713_924135,0
GSM923714_924136,0
GSM923715_924137,0
GSM923716_924138,0
GSM923717_924139,0
GSM923718_924140,0
GSM923719_924141,0
GSM923720_924142,0
GSM923721_924143,0
GSM923722_924144,0
GSM923723_924145,0
GSM923724_924146,0
GSM923725_924147,0
GSM923726_924148,0
GSM923727_924149,0
GSM923728_924150,0
GSM923729_924151,0
GSM923730_924152,0
GSM923731_924153,0
GSM923732_924154,0
GSM923733_924155,0
GSM923734_924156,0
GSM923735_924157,0
GSM923736_924158,0
GSM923737_924159,0
GSM923738_924160,0
GSM923739_924161,0
GSM923740_924162,0
GSM923741_924163,0
GSM923742_924164,0
GSM923743_924165,0
GSM923744_924166,0
GSM923745_924167,0
GSM923746_924168,0
GSM923747_924169,0
GSM923748_924170,0
GSM923749_924171,0
GSM923750_924172,0
GSM923751_924173,0
GSM923752_924174,0
GSM923753_924175,0
GSM923754_924176,0
GSM923755_924177,0
GSM923756_924178,0
GSM923757_924179,0
GSM923758_924180,0
GSM923759_924181,0
GSM923760_924182,0
GSM923761_924183,0
GSM923762_924184,0
GSM923763_924185,0
GSM923764_924186,0
GSM923765_924187,0
GSM923766_924188,0
GSM923767_924189,0
GSM923768_924190,0
GSM923769_924191,0
GSM923770_924192,0
GSM923771_924193,0
GSM923772_924194,0
GSM923773_924195,0
GSM923774_924196,0
GSM923775_924197,0
GSM923776_924198,0
GSM923777_924199,0
GSM923778_924200,0
GSM923779_924201,0
GSM923780_924202,0
GSM923781_924203,0
GSM923782_924204,0
GSM923783_924205,0
GSM923784_924206,0
GSM923785_924207,0
GSM923786_924208,0
GSM923787_924209,0
GSM923788_924210,0
GSM923789_924211,0
GSM923790_924212,0
GSM923791_924213,0
GSM923792_924214,0
GSM923793_924215,0
GSM923794_924216,0
GSM923795_924217,0
GSM923796_924218,0
GSM923797_924219,0
GSM923798_924220,0
GSM923799_924221,0
GSM923800_924222,0
GSM923801_924223,0
GSM923802_924224,0
GSM923803_924225,0
GSM923804_924226,0
GSM923805_924227,0
GSM923806_924228,0
GSM923807_924229,0
GSM923808_924230,0
GSM923809_924231,0
GSM923810_924232,0
GSM923811_924233,0
GSM923812_924234,0
GSM923813_924235,0
GSM923814_924236,0
GSM923815_924237,0
GSM923816_924238,0
GSM923817_924239,0
GSM923818_924240,0
GSM923819_924241,0
GSM923820_924242,0
GSM923821_924243,0
GSM923822_924244,0
GSM923823_924245,0
GSM923824_924246,0
GSM923825_924247,0
GSM923826_924248,0
GSM923827_924249,0
GSM923828_924250,0
GSM923829_924251,0
GSM923830_924252,0
GSM923831_924253,0
GSM923832_924254,0
GSM923833_924255,0
GSM923834_924256,0
GSM923835_924257,0
GSM923836_924258,0
GSM923837_924259,0
GSM923838_924260,0
GSM923839_924261,0
GSM923840_924262,0
GSM923841_924263,0
GSM923842_924264,0
GSM923843_924265,0
GSM923844_924266,0
GSM923845_924267,0
GSM923846_924268,0
GSM923847_924269,0
GSM923848_924270,0
GSM923849_924271,0
GSM923850_924272,0
GSM923851_924273,0
GSM923852_924274,0
GSM923853_924275,0
GSM923854_924276,0
GSM923855_924277,0
GSM923856_924278,0
GSM923857_924279,0
GSM923858_924280,0
GSM923859_924281,0
GSM923860_924282,0
GSM923861_924283,0
GSM923862_924284,0
GSM923863_924285,0
GSM923864_924286,0
GSM923865_924287,0
GSM923866_924288,0
GSM923867_924289,0
GSM923868_924290,0
GSM923869_924291,0
GSM923870_924292,0
GSM923871_924293,0
GSM923872_924294,0
GSM923873_924295,0
GSM923874_924296,0
GSM923875_924297,0
GSM923876_924298,0
GSM923877_924299,0
GSM923878_924300,0
GSM923879_924301,0
GSM923880_924302,0
GSM923881_924303,0
GSM923882_924304,0
GSM923883_924305,0
GSM923884_924306,0
GSM923885_924307,0
GSM923886_924308,0
GSM923887_924309,0
GSM923888_924310,0
GSM923889_924311,0
GSM923890_924312,0
GSM923891_924313,0
GSM923892_924314,0
GSM923893_924315,0
GSM923894_924316,0
GSM923895_924317,0
GSM923896_924318,0
GSM923897_924319,0
GSM923898_924320,0
GSM923899_924321,0
GSM923900_924322,0
GSM923901_924323,0
GSM923902_924324,0
GSM923903_924325,0
GSM923904_924326,0
GSM923905_924327,0
GSM923906_924328,0
GSM923907_924329,0
GSM923908_924330,0
GSM923909_924331,0
GSM923910_924332,0
GSM923911_924333,0
GSM923912_924334,0
GSM923913_924335,0
GSM923914_924336,0
GSM923915_924337,0
GSM923916_924338,0
GSM923917_924339,0
GSM923918_924340,0
GSM923919_924341,0
GSM923920_924342,0
GSM923921_924343,0
GSM923922_924344,0
GSM923923_924345,0
GSM923924_924346,0
GSM923925_924347,0
GSM923926_924348,0
GSM923927_924349,0
GSM923928_924350,0
GSM923929_924351,0
GSM923930_924352,0
GSM923931_924353,0
GSM923932_924354,0
GSM923933_924355,0
GSM923934_924356,0
GSM923935_924357,0
GSM923936_924358,0
GSM923937_924359,0
GSM923938_924360,0
GSM923939_924361,0
GSM923940_924362,0
GSM923941_924363,0
GSM923942_924364,0
GSM923943_924365,0
GSM923944_924366,0
GSM923945_924367,0
GSM923946_924368,0
GSM923947_924369,0
GSM923948_924370,0
GSM923949_924371,0
GSM923950_924372,0
GSM923951_924373,0
GSM923952_924374,0
GSM923953_924375,0
GSM923954_924376,0
GSM923955_924377,0
GSM923956_924378,0
GSM923957_924379,0
GSM923958_924380,0
GSM923959_924381,0
GSM923960_924382,0
GSM923961_924383,0
GSM923962_924384,0
GSM923963_924385,0
GSM923964_924386,0
GSM923965_924387,0
GSM923966_924388,0
GSM923967_924389,0
GSM923968_924390,0
GSM923969_924391,0
GSM923970_924392,0
GSM923971_924393,0
GSM923972_924394,0
GSM923973_924395,0
GSM923974_924396,0
GSM923975_924397,0
GSM923976_924398,0
GSM923977_924399,0
GSM923978_924400,0
GSM923979_924401,0
GSM923980_924402,0
GSM923981_924403,0
GSM923982_924404,0
GSM923983_924405,0
GSM923984_924406,0
GSM923985_924407,0
GSM923986_924408,0
GSM923987_924409,0
GSM923988_924410,0
GSM923989_924411,0
GSM923990_924412,0
GSM923991_924413,0
GSM923992_924414,0
GSM923993_924415,0
GSM923994_924416,0
GSM923995_924417,0
GSM923996_924418,0
GSM923997_924419,0
GSM923998_924420,0
GSM923999_924421,0
GSM924000_924422,0
GSM924001_924423,0
GSM924002_924424,0
GSM924003_924425,0
GSM924004_924426,0
GSM924005_924427,0
GSM924006_924428,0
GSM924007_924429,0
GSM924008_924430,0
GSM924009_924431,0
GSM924010_924432,0
GSM924011_924433,0
GSM924012_924434,0
GSM924013_924435,0
GSM924014_924436,0
GSM924015_924437,0
GSM924016_924438,0
GSM924017_924439,0
GSM287288,1
GSM287289,1
GSM287290,1
GSM287291,1
GSM287292,1
GSM287293,1
GSM287294,1
GSM287295,1
GSM287384,1
GSM287395,1
GSM287406,1
GSM287417,1
GSM287428,1
GSM287439,1
GSM287450,1
GSM287461,1
GSM287462,1
GSM287463,1
GSM287464,1
GSM287465,1
GSM287466,1
GSM287467,1
GSM287468,1
GSM287469,1
GSM287470,1
GSM287471,1
GSM367974,1
GSM399717,1
GSM399718,1
GSM399719,1
GSM399761,1
GSM399762,1
GSM399763,1
GSM399765,1
GSM399766,1
GSM401059,1
GSM401064,1
GSM401069,1
GSM401074,1
GSM401079,1
GSM401084,1
GSM401089,1
GSM401094,1
GSM401099,1
GSM401104,1
GSM401109,1
GSM401114,1
GSM401119,1
GSM401124,1
GSM401129,1
GSM401134,1
GSM401139,1
GSM401144,1
GSM401149,1
GSM401154,1
GSM401158,1
GSM401163,1
GSM428052,1
GSM428053,1
GSM428054,1
GSM428055,1
GSM428056,1
GSM428057,1
GSM428058,1
GSM428059,1
GSM428060,1
GSM428061,1
GSM428062,1
GSM428063,1
GSM428064,1
GSM428065,1
GSM650637,1
GSM650638,1
GSM650639,1
GSM650640,1
GSM650641,1
GSM650642,1
GSM650643,1
GSM650644,1
GSM650645,1
GSM650646,1
GSM650647,1
GSM650648,1
GSM650649,1
GSM650651,1
GSM650652,1
GSM650653,1
GSM650654,1
GSM465925,1
GSM465926,1
GSM465927,1
GSM465928,1
GSM465929,1
GSM465930,1
GSM465931,1
GSM465932,1
GSM465933,1
GSM465934,1
GSM465935,1
GSM465936,1
GSM465937,1
GSM465938,1
GSM465939,1
GSM465940,1
GSM465941,1
GSM465942,1
GSM465943,1
GSM465944,1
GSM465945,1
GSM465946,1
GSM465947,1
GSM465948,1
GSM465949,1
GSM624034,1
GSM624035,1
GSM624036,1
GSM624037,1
GSM624038,1
GSM624039,1
GSM624040,1
GSM624041,1
GSM624042,1
GSM624043,1
GSM624044,1
GSM624045,1
GSM60588,1
GSM60591,1
GSM1830990,1
GSM1830991,1
GSM1830992,1
GSM2252121,1
GSM2252122,1
GSM2252123,1
GSM2252124,1
GSM2252125,1
GSM2252126,1
GSM2252127,1
GSM2252128,1
GSM2252129,1
GSM2252130,1
GSM2252131,1
GSM2252132,1
GSM2252133,1
GSM2252134,1
GSM2252135,1
GSM2252136,1
GSM2252137,1
GSM2252138,1
GSM2252139,1
GSM2252140,1
GSM2252141,1
GSM2252142,1
GSM2252143,1
GSM2252144,1
GSM2252145,1
GSM2252146,1
GSM2252147,1
GSM2252148,1
GSM2252149,1
GSM2252150,1
GSM2612096,1
GSM2612097,1
GSM2612098,1
GSM2612099,1
GSM2612100,1
GSM2612101,1
GSM2612102,1
GSM2612103,1
GSM2612104,1
GSM2612105,1
GSM2612106,1
GSM2612107,1
GSM2612108,1
GSM2612109,1
GSM2612110,1
GSM2612111,1
GSM2612112,1
GSM2612113,1
GSM2612114,1
GSM2612115,1
GSM2612116,1
GSM2612117,1
GSM2612118,1
GSM2612119,1
GSM2612120,1
GSM2612121,1
GSM2612122,1
GSM2612123,1
GSM2612124,1
GSM2612125,1
GSM2612126,1
GSM2612127,1
GSM2612192,1
GSM2612197,1
GSM2612199,1
GSM2612203,1
GSM2612206,1
GSM2612216,1
GSM2612217,1
GSM2612218,1
GSM2612227,1
GSM2612230,1
GSM2612233,1
GSM2612234,1
GSM2612236,1
GSM2612237,1
GSM2612238,1
GSM2612239,1
GSM2612241,1
GSM2612245,1
GSM2612248,1
GSM2612250,1
GSM2612251,1
GSM2612252,1
GSM2612259,1
GSM2612268,1
GSM2612272,1
GSM2612275,1
GSM2612278,1
GSM2612279,1
GSM2612280,1
GSM2612284,1
GSM2612286,1
GSM2612287,1
GSM2630769,1
GSM2630853,1
GSM2630958,1
GSM2630961,1
GSM2630965,1
GSM2630971,1
GSM2630974,1
GSM2630980,1
GSM2630984,1
GSM2630990,1
GSM2630993,1
GSM2630999,1
GSM2631001,1
GSM2631005,1
GSM2631010,1
GSM2631011,1
GSM2631012,1
GSM2631015,1
GSM2631016,1
GSM2631017,1
GSM2631020,1
GSM2631022,1
GSM2631023,1
GSM2631024,1
GSM2631025,1
GSM2631026,1
GSM2631027,1
GSM2631028,1
GSM2631029,1
GSM2631031,1
GSM2631032,1
GSM2631033,1
GSM2631037,1
GSM2631038,1
GSM2631039,1
GSM2631040,1
GSM2631041,1
GSM2631042,1
GSM2631043,1
GSM2631044,1
GSM2631045,1
GSM2631046,1
GSM2631047,1
GSM2631049,1
GSM2631054,1
GSM2631055,1
GSM2631056,1
GSM2631057,1
GSM2631058,1
GSM2631059,1
GSM2631061,1
GSM2631064,1
GSM2631065,1
GSM2631068,1
GSM2631070,1
GSM2631072,1
GSM2631073,1
GSM2631074,1
GSM2631075,1
GSM2631076,1
GSM2631077,1
GSM2631079,1
GSM2631080,1
GSM2631081,1
GSM2631082,1
GSM2631083,1
GSM2631084,1
GSM2631085,1
GSM2631091,1
GSM2631100,1
GSM2631101,1
GSM2631102,1
GSM2631103,1
GSM2631105,1
GSM2631109,1
GSM2631110,1
GSM2631111,1
GSM2631112,1
GSM2631116,1
GSM2631118,1
GSM2631121,1
GSM2631122,1
GSM2631123,1
GSM2631125,1
GSM2631126,1
GSM2631130,1
GSM2631131,1
GSM2631132,1
GSM2631133,1
GSM2631135,1
GSM2631136,1
GSM2631137,1
GSM2631138,1
GSM2631140,1
GSM2631142,1
GSM2631143,1
GSM2631179,1
GSM2631180,1
GSM2631181,1
GSM2631185,1
GSM2631191,1
GSM2631194,1
GSM2631195,1
GSM2631196,1
GSM2631197,1
GSM2631198,1
GSM2631272,1
GSM2631273,1
GSM2631274,1
GSM2631275,1
GSM2631276,1
GSM2631277,1
GSM2631278,1
GSM2631279,1
GSM2631280,1
GSM2631281,1
GSM2631283,1
GSM2631284,1
GSM2631287,1
GSM2631289,1
GSM2631295,1
GSM2449608,1
GSM2449609,1
GSM2449610,1
GSM2449611,1
GSM2449612,1
GSM2449613,1
GSM2449614,1
GSM2449615,1
GSM2449616,1
GSM2449617,1
GSM2449618,1
GSM2449619,1
GSM2449620,1
GSM2449621,1
GSM2449622,1
GSM2449623,1
GSM2449624,1
GSM2449625,1
GSM2449626,1
GSM2449627,1
GSM2449628,1
GSM2449629,1
GSM2449630,1
GSM2449631,1
GSM2449632,1
GSM2449633,1
GSM2449634,1
GSM2449635,1
GSM2449636,1
GSM2449637,1
GSM2449668,1
GSM2449669,1
GSM2449670,1
GSM2449671,1
GSM2449672,1
GSM1130404,1
GSM1130408,1
GSM1130409,1
GSM1130415,1
GSM1130417,1
GSM1130421,1
GSM1130423,1
GSM1130425,1
GSM1130426,1
GSM1130428,1
GSM1130430,1
GSM1130432,1
GSM1130434,1
GSM1130436,1
GSM1130438,1
GSM1130439,1
GSM1130441,1
GSM1130442,1
GSM1130443,1
GSM1130444,1
GSM1130445,1
GSM1130476,1
GSM1130483,1
GSM1130487,1
GSM955680,1
GSM955681,1
GSM955682,1
GSM955683,1
GSM955684,1
GSM955685,1
GSM955686,1
GSM955687,1
GSM955688,1
GSM955689,1
GSM955690,1
GSM955691,1
GSM955692,1
GSM955693,1
GSM955694,1
GSM955695,1
GSM955696,1
GSM955697,1
GSM955698,1
GSM955699,1
GSM955700,1
GSM955701,1
GSM955702,1
GSM955703,1
GSM955704,1
GSM955705,1
GSM955706,1
GSM955707,1
GSM955708,1
GSM955709,1
GSM955710,1
GSM955711,1
GSM955712,1
GSM955713,1
GSM955714,1
GSM955715,1
GSM955716,1
GSM955717,1
GSM955718,1
GSM955719,1
GSM955720,1
GSM955721,1
GSM955722,1
GSM955723,1
GSM955724,1
GSM955725,1
GSM901358,1
GSM901359,1
GSM901360,1
GSM901361,1
GSM901362,1
GSM901363,1
GSM901364,1
GSM901365,1
GSM901366,1
GSM901367,1
GSM901368,1
GSM901369,1
GSM901370,1
GSM901371,1
GSM901372,1
GSM901373,1
GSM901374,1
GSM901375,1
GSM901376,1
GSM901378,1
GSM901379,1
GSM901380,1
GSM901381,1
GSM901382,1
GSM901383,1
GSM901384,1
GSM901385,1
GSM901386,1
GSM901387,1
GSM901388,1
GSM901389,1
GSM901390,1
GSM901392,1
GSM901393,1
GSM901394,1
GSM493769,1
GSM493770,1
GSM493771,1
GSM493772,1
GSM493773,1
GSM493774,1
GSM493775,1
GSM493776,1
GSM493777,1
GSM493778,1
GSM493779,1
GSM493780,1
GSM493781,1
GSM493782,1
GSM493783,1
GSM493784,1
GSM493785,1
GSM493786,1
GSM493787,1
GSM493788,1
GSM493789,1
GSM493790,1
GSM493791,1
GSM493792,1
GSM493793,1
GSM493794,1
GSM493795,1
GSM493796,1
GSM493797,1
GSM493798,1
GSM493799,1
GSM493800,1
GSM493801,1
GSM493802,1
GSM493803,1
GSM493804,1
GSM493805,1
GSM493806,1
GSM493807,1
GSM493808,1
GSM493809,1
GSM493810,1
GSM493811,1
GSM493812,1
GSM493813,1
GSM493814,1
GSM493815,1
GSM493816,1
GSM493817,1
GSM493818,1
GSM493819,1
GSM493820,1
GSM493821,1
GSM493822,1
GSM493823,1
GSM493824,1
GSM493825,1
GSM493826,1
GSM493827,1
GSM493828,1
GSM493829,1
GSM493830,1
GSM493831,1
